{
  "mean": [
    0.5038939118385315,
    0.5030208826065063,
    0.5024310350418091
  ],
  "std": [
    0.08930153399705887,
    0.057808440178632736,
    0.027019072324037552
  ],
  "n_images": 3662,
  "n_pixels": 942643972,
  "scale": "[0,1]",
  "stages": "0-4 (no CLAHE), mask=1.0 only"
}